0,Каинская станица
1,Каинская заимка
2,Каинская деревня
3,Каинская речка
4,Каинская Каменушка
5,Каинская горка
6,Каинская роща
7,Каинская Нива
8,Каинская пасека
9,Каинская ферма
10,Каинская дамба
11,Каинская лупа
12,Новосибирская станица
13,Новосибирская заимка
14,Новосибирская деревня
15,Новосибирская речка
16,Новосибирская Каменушка
17,Новосибирская горка
18,Новосибирская роща
19,Новосибирская Нива
20,Новосибирская пасека
21,Новосибирская ферма
22,Новосибирская дамба
23,Новосибирская лупа
24,Зелёная станица
25,Зелёная заимка
26,Зелёная деревня
27,Зелёная речка
28,Зелёная Каменушка
29,Зелёная горка
30,Зелёная роща
31,Зелёная Нива
32,Зелёная пасека
33,Зелёная ферма
34,Зелёная дамба
35,Зелёная лупа
36,Звёздная станица
37,Звёздная заимка
38,Звёздная деревня
39,Звёздная речка
40,Звёздная Каменушка
41,Звёздная горка
42,Звёздная роща
43,Звёздная Нива
44,Звёздная пасека
45,Звёздная ферма
46,Звёздная дамба
47,Звёздная лупа
48,Грозовая станица
49,Грозовая заимка
50,Грозовая деревня
51,Грозовая речка
52,Грозовая Каменушка
53,Грозовая горка
54,Грозовая роща
55,Грозовая Нива
56,Грозовая пасека
57,Грозовая ферма
58,Грозовая дамба
59,Грозовая лупа
60,Морозная станица
61,Морозная заимка
62,Морозная деревня
63,Морозная речка
64,Морозная Каменушка
65,Морозная горка
66,Морозная роща
67,Морозная Нива
68,Морозная пасека
69,Морозная ферма
70,Морозная дамба
71,Морозная лупа
72,Тихая станица
73,Тихая заимка
74,Тихая деревня
75,Тихая речка
76,Тихая Каменушка
77,Тихая горка
78,Тихая роща
79,Тихая Нива
80,Тихая пасека
81,Тихая ферма
82,Тихая дамба
83,Тихая лупа
84,Чудо станица
85,Чудо заимка
86,Чудо деревня
87,Чудо речка
88,Чудо Каменушка
89,Чудо горка
90,Чудо роща
91,Чудо Нива
92,Чудо пасека
93,Чудо ферма
94,Чудо дамба
95,Чудо лупа
96,Живучая станица
97,Живучая заимка
98,Живучая деревня
99,Живучая речка
100,Живучая Каменушка
101,Живучая горка
102,Живучая роща
103,Живучая Нива
104,Живучая пасека
105,Живучая ферма
106,Живучая дамба
107,Живучая лупа
108,Бодрая станица
109,Бодрая заимка
110,Бодрая деревня
111,Бодрая речка
112,Бодрая Каменушка
113,Бодрая горка
114,Бодрая роща
115,Бодрая Нива
116,Бодрая пасека
117,Бодрая ферма
118,Бодрая дамба
119,Бодрая лупа
120,Клинковая станица
121,Клинковая заимка
122,Клинковая деревня
123,Клинковая речка
124,Клинковая Каменушка
125,Клинковая горка
126,Клинковая роща
127,Клинковая Нива
128,Клинковая пасека
129,Клинковая ферма
130,Клинковая дамба
131,Клинковая лупа
132,Латная станица
133,Латная заимка
134,Латная деревня
135,Латная речка
136,Латная Каменушка
137,Латная горка
138,Латная роща
139,Латная Нива
140,Латная пасека
141,Латная ферма
142,Латная дамба
143,Латная лупа
144,Лучистая станица
145,Лучистая заимка
146,Лучистая деревня
147,Лучистая речка
148,Лучистая Каменушка
149,Лучистая горка
150,Лучистая роща
151,Лучистая Нива
152,Лучистая пасека
153,Лучистая ферма
154,Лучистая дамба
155,Лучистая лупа
156,Цепкая станица
157,Цепкая заимка
158,Цепкая деревня
159,Цепкая речка
160,Цепкая Каменушка
161,Цепкая горка
162,Цепкая роща
163,Цепкая Нива
164,Цепкая пасека
165,Цепкая ферма
166,Цепкая дамба
167,Цепкая лупа
168,Жгучая станица
169,Жгучая заимка
170,Жгучая деревня
171,Жгучая речка
172,Жгучая Каменушка
173,Жгучая горка
174,Жгучая роща
175,Жгучая Нива
176,Жгучая пасека
177,Жгучая ферма
178,Жгучая дамба
179,Жгучая лупа
